"","Statistic","P-value"
"MNAN Bacterivory",0.555555555555556,0.00666884602811413
"HNAN Bacterivory",0.111111111111111,0.999971114039479
